{"cameraMode":{"drawMode":0,"name":"Shaded","section":"Shading Mode"},"sceneLighting":true,"audioPlay":false,"sceneViewState":{"showFog":false,"showMaterialUpdate":false,"showSkybox":false,"showFlares":false,"showImageEffects":false,"showParticleSystems":false},"in2DMode":false,"pivot":{"x":-0.3542928695678711,"y":0.0778813362121582,"z":0.1951613426208496},"rotation":{"x":-0.05622679740190506,"y":0.9108308553695679,"z":-0.1323620229959488,"w":-0.38691890239715578},"size":10.76639175415039,"orthographic":false}